{"accuracy": [0.6084074378013611, 0.8653246760368347, 0.9164662957191467, 0.9417170286178589, 0.9548474550247192, 0.9663134217262268, 0.9729710221290588, 0.9764136672019958, 0.9801266193389893, 0.982431173324585], "loss": [1.3195466995239258, 0.4309612810611725, 0.2582978308200836, 0.1804225891828537, 0.13582481443881989, 0.10303275287151337, 0.08511229604482651, 0.072910837829113, 0.06175456568598747, 0.05683106184005737], "val_accuracy": [0.8322330713272095, 0.8734919428825378, 0.9237992167472839, 0.9397905468940735, 0.9492374062538147, 0.9473594427108765, 0.955895721912384, 0.9623833298683167, 0.9580582976341248, 0.9540177583694458], "val_loss": [0.5235329270362854, 0.39499029517173767, 0.22889293730258942, 0.1868627518415451, 0.15742599964141846, 0.1733204871416092, 0.14059366285800934, 0.1205211877822876, 0.15083466470241547, 0.16375389695167542]}